Barcode NO.,Isc(A),Voc(V),Imp(A),Vmp(V),Pmax(W),Carton NO.,Pallet NO.,Cable Length,Connector,Country of Origin,Current Sorting
11702050151402,9.29,45.60,8.84,36.16,319.70,170520201648,1,1160mm,PV2b,CN,I3
11702050171079,9.26,45.54,8.84,36.11,319.10,170520201648,1,1160mm,PV2b,CN,I3
11702050170850,9.26,45.44,8.81,36.17,318.60,170520201648,1,1160mm,PV2b,CN,I3
11702050171411,9.25,45.52,8.80,36.23,318.70,170520201648,1,1160mm,PV2b,CN,I3
11702050171258,9.25,45.57,8.81,36.27,319.60,170520201648,1,1160mm,PV2b,CN,I3
11702050211888,9.28,45.53,8.77,36.43,319.50,170520201648,1,1160mm,PV2b,CN,I3
11702050210975,9.24,45.43,8.83,36.12,319.10,170520201648,1,1160mm,PV2b,CN,I3
11702050211295,9.24,45.46,8.84,36.14,319.70,170520201648,1,1160mm,PV2b,CN,I3
11702050211692,9.19,45.45,8.74,36.54,319.60,170520201648,1,1160mm,PV2b,CN,I3
11702050211781,9.22,45.60,8.81,36.30,319.80,170520201648,1,1160mm,PV2b,CN,I3
11702050211261,9.28,45.46,8.78,36.14,317.30,170520201648,1,1160mm,PV2b,CN,I3
11702050210970,9.18,45.50,8.81,36.31,320.00,170520201648,1,1160mm,PV2b,CN,I3
11702050210041,9.27,45.51,8.78,36.32,319.10,170520201648,1,1160mm,PV2b,CN,I3
11702050211294,9.19,45.46,8.79,36.36,319.70,170520201648,1,1160mm,PV2b,CN,I3
11702050211307,9.24,45.53,8.81,36.15,318.70,170520201648,1,1160mm,PV2b,CN,I3
11702050211769,9.21,45.59,8.79,36.38,319.80,170520201648,1,1160mm,PV2b,CN,I3
11702050211636,9.26,45.30,8.78,36.33,318.80,170520201648,1,1160mm,PV2b,CN,I3
11702050211750,9.25,45.50,8.79,36.40,319.90,170520201648,1,1160mm,PV2b,CN,I3
11702050210939,9.25,45.43,8.85,35.98,318.50,170520201648,1,1160mm,PV2b,CN,I3
11702050210050,9.27,45.62,8.81,36.31,319.80,170520201648,1,1160mm,PV2b,CN,I3
11702050211293,9.21,45.45,8.81,36.32,319.90,170520201648,1,1160mm,PV2b,CN,I3
11702050211763,9.17,45.34,8.74,36.27,316.90,170520201648,1,1160mm,PV2b,CN,I3
11702050211399,9.26,45.45,8.85,35.82,317.00,170520201648,1,1160mm,PV2b,CN,I3
11702050190970,9.23,45.55,8.78,36.35,319.30,170520201648,1,1160mm,PV2b,CN,I3
11702050250100,9.18,45.53,8.79,36.33,319.20,170520201648,1,1160mm,PV2b,CN,I3
11702050310155,9.30,45.55,8.82,36.26,320.00,170520201648,1,1160mm,PV2b,CN,I3
11702050151614,9.21,45.42,8.75,36.39,318.30,170520201802,2,1160mm,PV2b,CN,I3
11702050250094,9.26,45.53,8.80,36.29,319.40,170520201802,2,1160mm,PV2b,CN,I3
11702050210366,9.29,45.55,8.86,35.98,318.70,170520201802,2,1160mm,PV2b,CN,I3
11702050211855,9.26,45.47,8.82,36.05,318.20,170520201802,2,1160mm,PV2b,CN,I3
11702050211935,9.28,45.57,8.77,36.46,319.90,170520201802,2,1160mm,PV2b,CN,I3
11702050211842,9.23,45.55,8.83,36.16,319.30,170520201802,2,1160mm,PV2b,CN,I3
11702050211354,9.35,45.51,8.79,36.31,319.20,170520201802,2,1160mm,PV2b,CN,I3
11702050211930,9.22,45.58,8.84,36.01,318.30,170520201802,2,1160mm,PV2b,CN,I3
11702050210368,9.27,45.53,8.83,36.20,319.50,170520201802,2,1160mm,PV2b,CN,I3
11702050210493,9.18,45.41,8.79,36.24,318.70,170520201802,2,1160mm,PV2b,CN,I3
11702050211778,9.27,45.54,8.77,36.34,318.80,170520201802,2,1160mm,PV2b,CN,I3
11702050211402,9.22,45.41,8.85,36.10,319.50,170520201802,2,1160mm,PV2b,CN,I3
11702050230041,9.28,45.57,8.71,36.55,318.30,170520201802,2,1160mm,PV2b,CN,I3
11702050171251,9.32,45.41,8.78,36.33,319.00,170520201802,2,1160mm,PV2b,CN,I3
11702050170972,9.21,45.48,8.80,36.02,316.80,170520201802,2,1160mm,PV2b,CN,I3
11702050171677,9.17,45.49,8.74,36.44,318.40,170520201802,2,1160mm,PV2b,CN,I3
11702050170346,9.31,45.58,8.83,36.19,319.40,170520201802,2,1160mm,PV2b,CN,I3
11702050171645,9.19,45.46,8.74,36.55,319.50,170520201802,2,1160mm,PV2b,CN,I3
11702050171305,9.17,45.46,8.78,36.14,317.40,170520201802,2,1160mm,PV2b,CN,I3
11702050170846,9.19,45.35,8.73,36.32,317.10,170520201802,2,1160mm,PV2b,CN,I3
11702050171534,9.15,45.46,8.75,36.23,316.90,170520201802,2,1160mm,PV2b,CN,I3
11702050171051,9.31,45.46,8.80,36.05,317.30,170520201802,2,1160mm,PV2b,CN,I3
11702050170847,9.24,45.44,8.83,36.03,318.00,170520201802,2,1160mm,PV2b,CN,I3
11702050171136,9.31,45.53,8.85,36.06,319.10,170520201802,2,1160mm,PV2b,CN,I3
11702050170257,9.21,45.42,8.79,36.33,319.50,170520201802,2,1160mm,PV2b,CN,I3
11702050170556,9.14,45.34,8.74,36.27,317.10,170520201802,2,1160mm,PV2b,CN,I3
11702050150778,9.24,45.36,8.82,36.17,319.00,170520201849,3,1160mm,PV2b,CN,I3
11702050151586,9.26,45.38,8.82,36.17,319.00,170520201849,3,1160mm,PV2b,CN,I3
11702050150142,9.27,45.49,8.77,36.22,317.90,170520201849,3,1160mm,PV2b,CN,I3
11702050151230,9.25,45.39,8.80,36.23,318.70,170520201849,3,1160mm,PV2b,CN,I3
11702050151441,9.29,45.38,8.80,36.23,318.70,170520201849,3,1160mm,PV2b,CN,I3
11702050171430,9.24,45.34,8.80,36.23,318.80,170520201849,3,1160mm,PV2b,CN,I3
11702050171617,9.22,45.43,8.84,36.02,318.60,170520201849,3,1160mm,PV2b,CN,I3
11702050171569,9.29,45.43,8.83,36.21,319.60,170520201849,3,1160mm,PV2b,CN,I3
11702050171485,9.27,45.54,8.78,36.43,319.90,170520201849,3,1160mm,PV2b,CN,I3
11702050171529,9.25,45.47,8.76,36.38,318.60,170520201849,3,1160mm,PV2b,CN,I3
11702050171403,9.29,45.41,8.82,36.23,319.50,170520201849,3,1160mm,PV2b,CN,I3
11702050171655,9.19,45.51,8.77,36.50,319.90,170520201849,3,1160mm,PV2b,CN,I3
11702050171603,9.34,45.51,8.82,36.23,319.70,170520201849,3,1160mm,PV2b,CN,I3
11702050170520,9.26,45.34,8.84,36.18,319.80,170520201849,3,1160mm,PV2b,CN,I3
11702050191095,9.25,45.51,8.90,35.91,319.80,170520201849,3,1160mm,PV2b,CN,I3
11702050191082,9.21,45.36,8.97,35.61,319.30,170520201849,3,1160mm,PV2b,CN,I3
11702050191167,9.24,45.28,8.81,36.23,319.20,170520201849,3,1160mm,PV2b,CN,I3
11702050190400,9.22,45.38,8.83,36.18,319.30,170520201849,3,1160mm,PV2b,CN,I3
11702050191129,9.23,45.49,8.86,36.11,319.90,170520201849,3,1160mm,PV2b,CN,I3
11702050191122,9.28,45.34,8.83,36.05,318.40,170520201849,3,1160mm,PV2b,CN,I3
11702050190766,9.26,45.49,8.97,35.68,319.80,170520201849,3,1160mm,PV2b,CN,I3
11702050210562,9.28,45.48,8.79,36.34,319.60,170520201849,3,1160mm,PV2b,CN,I3
11702050210386,9.19,45.44,8.80,36.22,318.90,170520201849,3,1160mm,PV2b,CN,I3
11702050210470,9.27,45.30,8.81,36.19,318.70,170520201849,3,1160mm,PV2b,CN,I3
11702050210258,9.29,45.57,8.84,36.19,319.70,170520201849,3,1160mm,PV2b,CN,I3
11702050230008,9.28,45.74,8.75,36.55,319.90,170520201849,3,1160mm,PV2b,CN,I3
11702050230029,9.21,45.53,8.82,35.87,316.50,170520201903,4,1160mm,PV2b,CN,I3
11702050290102,9.25,45.79,8.90,35.88,319.30,170520201903,4,1160mm,PV2b,CN,I3
11702050290348,9.30,45.66,8.71,36.69,319.60,170520201903,4,1160mm,PV2b,CN,I3
11702050191629,9.28,45.55,8.92,35.76,318.80,170520201903,4,1160mm,PV2b,CN,I3
11702050191451,9.28,45.40,8.71,36.74,320.00,170520201903,4,1160mm,PV2b,CN,I3
11702050191358,9.23,45.36,8.75,36.51,319.50,170520201903,4,1160mm,PV2b,CN,I3
11702050190477,9.24,45.39,8.84,36.14,319.50,170520201903,4,1160mm,PV2b,CN,I3
11702050191269,9.25,45.55,8.87,35.88,318.20,170520201903,4,1160mm,PV2b,CN,I3
11702050190949,9.27,45.37,8.86,36.00,319.10,170520201903,4,1160mm,PV2b,CN,I3
11702050191257,9.23,45.28,8.83,36.00,318.00,170520201903,4,1160mm,PV2b,CN,I3
11702050191205,9.25,45.33,8.85,36.14,319.80,170520201903,4,1160mm,PV2b,CN,I3
11702050190946,9.23,45.48,8.86,36.00,319.10,170520201903,4,1160mm,PV2b,CN,I3
11702050191263,9.26,45.29,8.86,36.07,319.70,170520201903,4,1160mm,PV2b,CN,I3
11702050190148,9.20,45.31,8.82,36.16,319.00,170520201903,4,1160mm,PV2b,CN,I3
11702050190947,9.24,45.39,8.75,36.51,319.50,170520201903,4,1160mm,PV2b,CN,I3
11702050191503,9.29,45.50,8.74,36.46,318.70,170520201903,4,1160mm,PV2b,CN,I3
11702050191084,9.21,45.45,8.84,36.13,319.50,170520201903,4,1160mm,PV2b,CN,I3
11702050191533,9.18,45.52,8.73,36.50,318.50,170520201903,4,1160mm,PV2b,CN,I3
11702050150451,9.24,45.43,8.73,36.61,319.60,170520201903,4,1160mm,PV2b,CN,I3
11702050151434,9.25,45.31,8.84,36.13,319.40,170520201903,4,1160mm,PV2b,CN,I3
11702050151107,9.25,45.30,8.87,36.03,319.60,170520201903,4,1160mm,PV2b,CN,I3
11702050150823,9.23,45.40,8.73,36.58,319.30,170520201903,4,1160mm,PV2b,CN,I3
11702050151142,9.26,45.55,8.74,36.48,318.80,170520201903,4,1160mm,PV2b,CN,I3
11701050740778,9.17,45.43,8.73,36.64,319.90,170520201903,4,1160mm,PV2b,CN,I3
11701051390034,9.24,45.58,8.72,36.53,318.50,170520201903,4,1160mm,PV2b,CN,I3
11701051390559,9.24,45.44,8.71,36.74,320.00,170520201903,4,1160mm,PV2b,CN,I3
11702050191018,9.25,45.38,8.82,36.03,317.90,170520201923,5,1160mm,PV2b,CN,I3
11702050191648,9.25,45.51,8.78,36.41,319.60,170520201923,5,1160mm,PV2b,CN,I3
11702050191412,9.26,45.39,8.75,36.49,319.50,170520201923,5,1160mm,PV2b,CN,I3
11702050191411,9.26,45.46,8.76,36.37,318.50,170520201923,5,1160mm,PV2b,CN,I3
11702050310231,9.27,45.51,8.82,36.27,319.70,170520201923,5,1160mm,PV2b,CN,I3
11702050310067,9.28,45.62,8.91,35.90,319.70,170520201923,5,1160mm,PV2b,CN,I3
11702050310058,9.29,45.48,8.82,36.24,319.70,170520201923,5,1160mm,PV2b,CN,I3
11702050310272,9.28,45.39,8.79,36.36,319.70,170520201923,5,1160mm,PV2b,CN,I3
11702050310126,9.29,45.43,8.84,35.89,317.10,170520201923,5,1160mm,PV2b,CN,I3
11702050310213,9.26,45.29,8.85,35.82,316.90,170520201923,5,1160mm,PV2b,CN,I3
11702050310107,9.37,45.44,8.85,36.13,319.90,170520201923,5,1160mm,PV2b,CN,I3
11702050310422,9.32,45.49,8.81,36.30,319.80,170520201923,5,1160mm,PV2b,CN,I3
11702050250817,9.25,45.46,8.81,36.32,319.80,170520201923,5,1160mm,PV2b,CN,I3
11702050250859,9.26,45.44,8.82,36.12,318.60,170520201923,5,1160mm,PV2b,CN,I3
11702050210351,9.26,45.42,8.80,36.29,319.40,170520201923,5,1160mm,PV2b,CN,I3
11702050211317,9.24,45.48,8.80,36.34,319.80,170520201923,5,1160mm,PV2b,CN,I3
11702050211941,9.26,45.38,8.78,36.44,319.80,170520201923,5,1160mm,PV2b,CN,I3
11702050210610,9.33,45.38,8.81,36.17,318.80,170520201923,5,1160mm,PV2b,CN,I3
11702050210308,9.24,45.41,8.76,36.42,319.20,170520201923,5,1160mm,PV2b,CN,I3
11702050211154,9.24,45.54,8.85,36.16,319.90,170520201923,5,1160mm,PV2b,CN,I3
11702050210868,9.25,45.42,8.81,36.20,319.00,170520201923,5,1160mm,PV2b,CN,I3
11702050211851,9.29,45.33,8.86,36.00,318.90,170520201923,5,1160mm,PV2b,CN,I3
11702050210934,9.26,45.40,8.80,36.23,318.90,170520201923,5,1160mm,PV2b,CN,I3
11702050211867,9.24,45.51,8.84,36.13,319.40,170520201923,5,1160mm,PV2b,CN,I3
11702050320206,9.32,45.43,8.81,36.30,320.00,170520201923,5,1160mm,PV2b,CN,I3
11702050291290,9.22,45.41,8.79,36.42,320.00,170520201923,5,1160mm,PV2b,CN,I3
11702050350112,9.22,45.60,8.78,36.41,319.70,170520202687,6,1160mm,PV2b,CN,I3
11702050350535,9.22,45.43,8.81,36.31,320.00,170520202687,6,1160mm,PV2b,CN,I3
11702050351757,9.18,45.35,8.76,36.40,318.70,170520202687,6,1160mm,PV2b,CN,I3
11702050350598,9.25,45.55,8.78,36.38,319.50,170520202687,6,1160mm,PV2b,CN,I3
11702050351680,9.19,45.35,8.74,36.29,317.20,170520202687,6,1160mm,PV2b,CN,I3
11702050350654,9.21,45.54,8.73,36.49,318.80,170520202687,6,1160mm,PV2b,CN,I3
11702050191497,9.34,45.49,8.94,35.63,318.70,170520202687,6,1160mm,PV2b,CN,I3
11702050191467,9.26,45.29,8.79,36.14,317.50,170520202687,6,1160mm,PV2b,CN,I3
11702050230032,9.24,45.63,8.74,36.58,319.60,170520202687,6,1160mm,PV2b,CN,I3
11702050250016,9.19,45.53,8.75,36.33,317.80,170520202687,6,1160mm,PV2b,CN,I3
11702050191461,9.24,45.39,8.80,36.36,319.90,170520202687,6,1160mm,PV2b,CN,I3
11702050320175,9.27,45.55,8.86,36.12,319.90,170520202687,6,1160mm,PV2b,CN,I3
11702050290889,9.29,45.58,8.75,36.57,319.90,170520202687,6,1160mm,PV2b,CN,I3
11702050290577,9.24,45.71,8.94,35.76,319.80,170520202687,6,1160mm,PV2b,CN,I3
11702050290316,9.26,45.66,8.74,36.58,319.60,170520202687,6,1160mm,PV2b,CN,I3
11702050310125,9.24,45.41,8.82,35.97,317.20,170520202687,6,1160mm,PV2b,CN,I3
11702050310052,9.33,45.50,8.77,36.44,319.70,170520202687,6,1160mm,PV2b,CN,I3
11702050310121,9.20,45.52,8.84,36.14,319.50,170520202687,6,1160mm,PV2b,CN,I3
11702050310166,9.16,45.47,8.73,36.65,319.80,170520202687,6,1160mm,PV2b,CN,I3
11702050310219,9.26,45.33,8.78,36.26,318.50,170520202687,6,1160mm,PV2b,CN,I3
11702050310139,9.30,45.45,8.88,36.04,319.90,170520202687,6,1160mm,PV2b,CN,I3
11702050310127,9.25,45.45,8.80,36.00,316.90,170520202687,6,1160mm,PV2b,CN,I3
11702050310335,9.12,45.31,8.73,36.34,317.30,170520202687,6,1160mm,PV2b,CN,I3
11702050310101,9.32,45.45,8.86,36.09,319.70,170520202687,6,1160mm,PV2b,CN,I3
11702050150853,9.28,45.54,8.78,36.39,319.70,170520202687,6,1160mm,PV2b,CN,I3
11702050400070,9.23,45.25,8.74,36.30,317.30,170520202687,6,1160mm,PV2b,CN,I3
11702050400351,9.18,45.40,8.77,36.36,319.00,170520202785,7,1160mm,PV2b,CN,I3
11702050400088,9.23,45.48,8.81,36.28,319.60,170520202785,7,1160mm,PV2b,CN,I3
11702050400128,9.17,45.30,8.76,36.27,317.60,170520202785,7,1160mm,PV2b,CN,I3
11702050400143,9.17,45.23,8.74,36.23,316.70,170520202785,7,1160mm,PV2b,CN,I3
11702050151163,9.25,45.45,8.89,35.97,319.60,170520202785,7,1160mm,PV2b,CN,I3
11702050211537,9.18,45.51,8.78,36.05,316.40,170520202785,7,1160mm,PV2b,CN,I3
11702050230028,9.22,45.57,8.83,36.25,320.00,170520202785,7,1160mm,PV2b,CN,I3
11702050250002,9.20,45.56,8.78,36.40,319.60,170520202785,7,1160mm,PV2b,CN,I3
11702050351424,9.23,45.58,8.81,36.30,319.80,170520202785,7,1160mm,PV2b,CN,I3
11702050351410,9.22,45.43,8.79,36.41,319.90,170520202785,7,1160mm,PV2b,CN,I3
11702050351302,9.25,45.44,8.75,36.56,320.00,170520202785,7,1160mm,PV2b,CN,I3
11702050351819,9.22,45.35,8.71,36.30,316.20,170520202785,7,1160mm,PV2b,CN,I3
11702050400413,9.18,45.36,8.75,36.38,318.10,170520202785,7,1160mm,PV2b,CN,I3
11702050400187,9.23,45.36,8.73,36.40,317.70,170520202785,7,1160mm,PV2b,CN,I3
11702050400031,9.25,45.38,8.74,36.40,318.20,170520202785,7,1160mm,PV2b,CN,I3
11702050400366,9.18,45.35,8.76,36.47,319.50,170520202785,7,1160mm,PV2b,CN,I3
11702050400057,9.18,45.35,8.77,36.33,318.70,170520202785,7,1160mm,PV2b,CN,I3
11702050400439,9.22,45.42,8.77,36.34,318.90,170520202785,7,1160mm,PV2b,CN,I3
11702050400025,9.24,45.39,8.77,36.40,319.30,170520202785,7,1160mm,PV2b,CN,I3
11702050400916,9.22,45.17,8.79,36.19,318.20,170520202785,7,1160mm,PV2b,CN,I3
11702050400234,9.18,45.21,8.73,36.22,316.10,170520202785,7,1160mm,PV2b,CN,I3
11702050400249,9.21,45.27,8.74,36.21,316.60,170520202785,7,1160mm,PV2b,CN,I3
11702050400078,9.21,45.22,8.79,36.25,318.50,170520202785,7,1160mm,PV2b,CN,I3
11702050400007,9.19,45.30,8.77,36.14,317.10,170520202785,7,1160mm,PV2b,CN,I3
11702050400362,9.22,45.33,8.76,36.35,318.40,170520202785,7,1160mm,PV2b,CN,I3
11702050400119,9.20,45.20,8.76,36.20,317.10,170520202785,7,1160mm,PV2b,CN,I3
11702050401127,9.22,45.48,8.74,36.31,317.40,170520203001,8,1160mm,PV2b,CN,I3
11702050400482,9.16,45.28,8.75,36.38,318.20,170520203001,8,1160mm,PV2b,CN,I3
11702050400504,9.17,45.35,8.77,36.32,318.60,170520203001,8,1160mm,PV2b,CN,I3
11702050400139,9.20,45.41,8.74,36.42,318.30,170520203001,8,1160mm,PV2b,CN,I3
11702050400304,9.18,45.37,8.76,36.22,317.30,170520203001,8,1160mm,PV2b,CN,I3
11702050400659,9.19,45.32,8.79,36.19,318.20,170520203001,8,1160mm,PV2b,CN,I3
11702050400458,9.18,45.37,8.73,36.43,318.00,170520203001,8,1160mm,PV2b,CN,I3
11702050400421,9.20,45.32,8.77,36.43,319.40,170520203001,8,1160mm,PV2b,CN,I3
11702050400594,9.19,45.33,8.79,36.19,318.10,170520203001,8,1160mm,PV2b,CN,I3
11702050400370,9.16,45.38,8.75,36.43,318.90,170520203001,8,1160mm,PV2b,CN,I3
11702050400777,9.19,45.38,8.78,36.31,318.90,170520203001,8,1160mm,PV2b,CN,I3
11702050400192,9.22,45.34,8.71,36.56,318.60,170520203001,8,1160mm,PV2b,CN,I3
11702050400024,9.19,45.34,8.76,36.39,318.60,170520203001,8,1160mm,PV2b,CN,I3
11702050351601,9.21,45.27,8.77,36.33,318.80,170520203001,8,1160mm,PV2b,CN,I3
11702050351736,9.25,45.30,8.80,36.23,318.90,170520203001,8,1160mm,PV2b,CN,I3
11702050400345,9.20,45.30,8.78,36.31,318.70,170520203001,8,1160mm,PV2b,CN,I3
11702050400170,9.19,45.29,8.76,36.19,317.00,170520203001,8,1160mm,PV2b,CN,I3
11702050400527,9.23,45.45,8.79,36.29,318.90,170520203001,8,1160mm,PV2b,CN,I3
11702050400572,9.18,45.33,8.79,36.25,318.60,170520203001,8,1160mm,PV2b,CN,I3
11702050400318,9.21,45.32,8.82,36.07,318.30,170520203001,8,1160mm,PV2b,CN,I3
11702050400321,9.14,45.27,8.72,36.53,318.70,170520203001,8,1160mm,PV2b,CN,I3
11702050400383,9.21,45.35,8.76,36.37,318.50,170520203001,8,1160mm,PV2b,CN,I3
11702050401392,9.21,45.24,8.81,36.05,317.60,170520203001,8,1160mm,PV2b,CN,I3
11702050400478,9.17,45.24,8.73,36.28,316.80,170520203001,8,1160mm,PV2b,CN,I3
11702050400309,9.11,45.25,8.73,36.48,318.30,170520203001,8,1160mm,PV2b,CN,I3
11702050400311,9.21,45.46,8.76,36.51,319.80,170520203001,8,1160mm,PV2b,CN,I3
11702050401396,9.19,45.25,8.69,36.58,317.90,170520203008,9,1160mm,PV2b,CN,I2
11702050400295,9.17,45.14,8.64,36.88,318.60,170520203008,9,1160mm,PV2b,CN,I2
11702050401276,9.16,45.26,8.67,36.54,316.80,170520203008,9,1160mm,PV2b,CN,I2
11702050400247,9.14,45.22,8.70,36.40,316.50,170520203008,9,1160mm,PV2b,CN,I2
11702050400291,9.10,45.11,8.63,36.63,316.30,170520203008,9,1160mm,PV2b,CN,I2
11702050400473,9.12,45.19,8.69,36.42,316.50,170520203008,9,1160mm,PV2b,CN,I2
11702050400375,9.13,45.21,8.70,36.53,317.70,170520203008,9,1160mm,PV2b,CN,I2
11702050400453,9.13,45.23,8.69,36.55,317.50,170520203008,9,1160mm,PV2b,CN,I2
11702050400225,9.22,45.37,8.70,36.39,316.60,170520203008,9,1160mm,PV2b,CN,I2
11702050400300,9.14,45.20,8.70,36.38,316.50,170520203008,9,1160mm,PV2b,CN,I2
11702050401257,9.20,45.34,8.67,36.54,316.80,170520203008,9,1160mm,PV2b,CN,I2
11702050400358,9.18,45.20,8.70,36.36,316.50,170520203008,9,1160mm,PV2b,CN,I2
11702050400232,9.21,45.24,8.68,36.42,316.10,170520203008,9,1160mm,PV2b,CN,I2
11702050351755,9.19,45.33,8.68,36.51,317.10,170520203008,9,1160mm,PV2b,CN,I2
11702050350092,9.16,45.60,8.60,37.09,319.10,170520203008,9,1160mm,PV2b,CN,I2
11702050351390,9.23,45.33,8.69,36.71,319.10,170520203008,9,1160mm,PV2b,CN,I2
11702050140020,9.05,45.47,8.63,36.69,316.70,170520203008,9,1160mm,PV2b,CN,I2
11702050400495,9.21,45.27,8.70,36.52,317.60,170520203008,9,1160mm,PV2b,CN,I2
11702050400466,9.10,45.18,8.69,36.42,316.40,170520203008,9,1160mm,PV2b,CN,I2
11702050400174,9.22,45.45,8.64,36.94,319.20,170520203008,9,1160mm,PV2b,CN,I2
11702050401244,9.27,45.33,8.67,36.72,318.40,170520203008,9,1160mm,PV2b,CN,I2
11702050400213,9.15,45.29,8.68,36.53,317.30,170520203008,9,1160mm,PV2b,CN,I2
11702050400071,9.15,45.28,8.70,36.63,318.80,170520203008,9,1160mm,PV2b,CN,I2
11702050400093,9.21,45.37,8.70,36.55,318.00,170520203008,9,1160mm,PV2b,CN,I2
11702050400191,9.14,45.30,8.69,36.37,316.10,170520203008,9,1160mm,PV2b,CN,I2
11702050400626,9.13,45.20,8.70,36.34,316.30,170520203008,9,1160mm,PV2b,CN,I2
11702050400734,9.19,45.23,8.76,36.32,318.20,170520203025,10,1160mm,PV2b,CN,I3
11702050400145,9.30,45.26,8.78,36.39,319.40,170520203025,10,1160mm,PV2b,CN,I3
11702050400310,9.19,45.33,8.71,36.43,317.40,170520203025,10,1160mm,PV2b,CN,I3
11702050351551,9.27,45.41,8.83,36.20,319.80,170520203025,10,1160mm,PV2b,CN,I3
11702050350991,9.23,45.46,8.79,36.42,320.00,170520203025,10,1160mm,PV2b,CN,I3
11702050400359,9.19,45.33,8.75,36.46,318.90,170520203025,10,1160mm,PV2b,CN,I3
11702050400329,9.24,45.34,8.80,36.19,318.60,170520203025,10,1160mm,PV2b,CN,I3
11702050400183,9.15,45.31,8.76,36.33,318.30,170520203025,10,1160mm,PV2b,CN,I3
11702050400023,9.13,45.22,8.71,36.36,316.80,170520203025,10,1160mm,PV2b,CN,I3
11702050400046,9.20,45.21,8.73,36.43,318.00,170520203025,10,1160mm,PV2b,CN,I3
11702050400731,9.25,45.41,8.77,36.41,319.40,170520203025,10,1160mm,PV2b,CN,I3
11702050400969,9.22,45.34,8.77,36.35,318.80,170520203025,10,1160mm,PV2b,CN,I3
11702050400807,9.25,45.31,8.82,36.15,318.90,170520203025,10,1160mm,PV2b,CN,I3
11702050400133,9.18,45.30,8.75,36.42,318.60,170520203025,10,1160mm,PV2b,CN,I3
11702050400806,9.21,45.29,8.79,36.16,317.80,170520203025,10,1160mm,PV2b,CN,I3
11702050400361,9.19,45.38,8.78,36.40,319.70,170520203025,10,1160mm,PV2b,CN,I3
11702050400652,9.17,45.32,8.76,36.28,317.60,170520203025,10,1160mm,PV2b,CN,I3
11702050400749,9.20,45.35,8.79,36.33,319.30,170520203025,10,1160mm,PV2b,CN,I3
11702050400381,9.17,45.32,8.74,36.37,317.90,170520203025,10,1160mm,PV2b,CN,I3
11702050400399,9.18,45.36,8.74,36.48,318.80,170520203025,10,1160mm,PV2b,CN,I3
11702050400132,9.19,45.40,8.79,36.37,319.50,170520203025,10,1160mm,PV2b,CN,I3
11702050400415,9.22,45.32,8.78,36.37,319.10,170520203025,10,1160mm,PV2b,CN,I3
11702050400397,9.19,45.32,8.74,36.41,318.20,170520203025,10,1160mm,PV2b,CN,I3
11702050400621,9.19,45.22,8.73,36.24,316.30,170520203025,10,1160mm,PV2b,CN,I3
11702050400996,9.27,45.32,8.73,36.47,318.30,170520203025,10,1160mm,PV2b,CN,I3
11702050400022,9.22,45.13,8.75,36.19,316.60,170520203025,10,1160mm,PV2b,CN,I3
11702050400857,9.16,45.32,8.69,36.36,316.20,170520203049,11,1160mm,PV2b,CN,I2
11702050401331,9.22,45.37,8.69,36.44,316.70,170520203049,11,1160mm,PV2b,CN,I2
11702050401348,9.17,45.27,8.70,36.46,317.40,170520203049,11,1160mm,PV2b,CN,I2
11702050401274,9.20,45.37,8.69,36.39,316.10,170520203049,11,1160mm,PV2b,CN,I2
11702050400866,9.22,45.35,8.70,36.47,317.10,170520203049,11,1160mm,PV2b,CN,I2
11702050400889,9.13,45.29,8.68,36.44,316.40,170520203049,11,1160mm,PV2b,CN,I2
11702050400883,9.16,45.26,8.67,36.50,316.30,170520203049,11,1160mm,PV2b,CN,I2
11702050400746,9.20,45.28,8.70,36.48,317.20,170520203049,11,1160mm,PV2b,CN,I2
11702050400768,9.15,45.28,8.70,36.41,316.70,170520203049,11,1160mm,PV2b,CN,I2
11702050400893,9.17,45.33,8.67,36.53,316.50,170520203049,11,1160mm,PV2b,CN,I2
11702050400851,9.08,45.25,8.68,36.41,316.10,170520203049,11,1160mm,PV2b,CN,I2
11702050400711,9.05,45.30,8.64,36.73,317.20,170520203049,11,1160mm,PV2b,CN,I2
11702050400795,9.14,45.26,8.70,36.42,316.80,170520203049,11,1160mm,PV2b,CN,I2
11702050401310,9.15,45.28,8.68,36.45,316.50,170520203049,11,1160mm,PV2b,CN,I2
11702050401280,9.21,45.31,8.70,36.35,316.30,170520203049,11,1160mm,PV2b,CN,I2
11702050400712,9.17,45.28,8.70,36.43,316.90,170520203049,11,1160mm,PV2b,CN,I2
11702050401312,9.20,45.33,8.70,36.47,317.30,170520203049,11,1160mm,PV2b,CN,I2
11702050401311,9.16,45.40,8.63,36.98,319.00,170520203049,11,1160mm,PV2b,CN,I2
11702050401301,9.21,45.41,8.70,36.37,316.50,170520203049,11,1160mm,PV2b,CN,I2
11702050400882,9.16,45.30,8.67,36.51,316.40,170520203049,11,1160mm,PV2b,CN,I2
11702050401293,9.16,45.34,8.70,36.35,316.30,170520203049,11,1160mm,PV2b,CN,I2
11702050401449,9.22,45.26,8.70,36.45,317.30,170520203049,11,1160mm,PV2b,CN,I2
11702050400676,9.14,45.27,8.62,36.73,316.60,170520203049,11,1160mm,PV2b,CN,I2
11702050401541,9.16,45.45,8.66,36.84,319.10,170520203049,11,1160mm,PV2b,CN,I2
11702050400892,9.14,45.36,8.67,36.49,316.30,170520203049,11,1160mm,PV2b,CN,I2
11702050440631,9.22,45.25,8.70,36.40,316.70,170520203049,11,1160mm,PV2b,CN,I2
11702050440538,9.17,45.39,8.76,36.39,318.80,170520203470,12,1160mm,PV2b,CN,I3
11702050400822,9.20,45.21,8.80,35.99,316.70,170520203470,12,1160mm,PV2b,CN,I3
11702050401234,9.19,45.39,8.75,36.45,318.90,170520203470,12,1160mm,PV2b,CN,I3
11702050400796,9.36,45.46,8.80,36.05,317.20,170520203470,12,1160mm,PV2b,CN,I3
11702050400568,9.24,45.39,8.79,36.37,319.70,170520203470,12,1160mm,PV2b,CN,I3
11702050401599,9.09,45.38,8.72,36.46,317.80,170520203470,12,1160mm,PV2b,CN,I3
11702050400369,9.19,45.08,8.72,36.37,317.20,170520203470,12,1160mm,PV2b,CN,I3
11702050401354,9.22,45.39,8.78,36.32,319.00,170520203470,12,1160mm,PV2b,CN,I3
11702050400850,9.15,45.31,8.76,36.11,316.40,170520203470,12,1160mm,PV2b,CN,I3
11702050400152,9.09,45.34,8.79,36.08,317.10,170520203470,12,1160mm,PV2b,CN,I3
11702050400315,9.18,45.10,8.75,36.23,317.00,170520203470,12,1160mm,PV2b,CN,I3
11702050401337,9.24,45.33,8.75,36.37,318.30,170520203470,12,1160mm,PV2b,CN,I3
11702050401330,9.14,45.28,8.90,35.68,317.70,170520203470,12,1160mm,PV2b,CN,I3
11702050401613,9.19,45.17,8.80,36.01,316.90,170520203470,12,1160mm,PV2b,CN,I3
11702050401291,9.17,45.21,8.76,36.39,318.70,170520203470,12,1160mm,PV2b,CN,I3
11702050401251,9.23,45.31,8.74,36.43,318.50,170520203470,12,1160mm,PV2b,CN,I3
11702050400688,9.07,45.25,8.81,35.89,316.10,170520203470,12,1160mm,PV2b,CN,I3
11702050400874,9.18,45.27,8.80,35.92,316.10,170520203470,12,1160mm,PV2b,CN,I3
11702050401610,9.15,45.16,8.77,36.17,317.20,170520203470,12,1160mm,PV2b,CN,I3
11702050401357,9.23,45.33,8.74,36.19,316.20,170520203470,12,1160mm,PV2b,CN,I3
11702050401333,9.20,45.28,8.80,36.09,317.60,170520203470,12,1160mm,PV2b,CN,I3
11702050401448,9.17,45.35,8.71,36.51,318.00,170520203470,12,1160mm,PV2b,CN,I3
11702050401625,9.16,45.23,8.74,36.23,316.60,170520203470,12,1160mm,PV2b,CN,I3
11702050401434,9.19,45.25,8.77,36.18,317.20,170520203470,12,1160mm,PV2b,CN,I3
11702050400654,9.11,45.20,8.79,36.08,317.10,170520203470,12,1160mm,PV2b,CN,I3
11702050401318,9.22,45.38,8.76,36.37,318.60,170520203470,12,1160mm,PV2b,CN,I3
11702050400876,9.31,45.30,8.83,36.15,319.20,170520203931,13,1160mm,PV2b,CN,I3
11702050400766,9.20,45.25,8.71,36.52,318.10,170520203931,13,1160mm,PV2b,CN,I3
11702050401210,9.20,45.37,8.73,36.52,318.80,170520203931,13,1160mm,PV2b,CN,I3
11702050401299,9.32,45.39,8.78,36.13,317.20,170520203931,13,1160mm,PV2b,CN,I3
11702050400736,9.24,45.25,8.73,36.30,317.00,170520203931,13,1160mm,PV2b,CN,I3
11702050401409,9.22,45.35,8.73,36.34,317.40,170520203931,13,1160mm,PV2b,CN,I3
11702050400581,9.17,45.24,8.75,36.37,318.10,170520203931,13,1160mm,PV2b,CN,I3
11702050400775,9.25,45.27,8.71,36.47,317.70,170520203931,13,1160mm,PV2b,CN,I3
11702050400650,9.24,45.16,8.76,36.35,318.50,170520203931,13,1160mm,PV2b,CN,I3
11702050401435,9.19,45.39,8.78,36.22,318.10,170520203931,13,1160mm,PV2b,CN,I3
11702050401288,9.26,45.42,8.81,36.27,319.60,170520203931,13,1160mm,PV2b,CN,I3
11702050401384,9.20,45.10,8.71,36.29,316.10,170520203931,13,1160mm,PV2b,CN,I3
11702050400838,9.19,45.33,8.79,36.34,319.30,170520203931,13,1160mm,PV2b,CN,I3
11702050401261,9.18,45.35,8.77,36.41,319.50,170520203931,13,1160mm,PV2b,CN,I3
11702050400692,9.16,45.28,8.89,35.66,316.90,170520203931,13,1160mm,PV2b,CN,I3
11702050401298,9.17,45.43,8.75,36.39,318.30,170520203931,13,1160mm,PV2b,CN,I3
11702050400824,9.16,45.32,8.77,36.28,318.00,170520203931,13,1160mm,PV2b,CN,I3
11702050400834,9.21,45.11,8.75,36.18,316.50,170520203931,13,1160mm,PV2b,CN,I3
11702050401346,9.15,45.41,8.73,36.47,318.50,170520203931,13,1160mm,PV2b,CN,I3
11702050401252,9.16,45.26,8.80,36.35,319.80,170520203931,13,1160mm,PV2b,CN,I3
11702050401377,9.16,45.36,8.76,36.51,320.00,170520203931,13,1160mm,PV2b,CN,I3
11702050401282,9.23,45.43,8.79,36.31,319.30,170520203931,13,1160mm,PV2b,CN,I3
11702050401400,9.19,45.33,8.72,36.41,317.50,170520203931,13,1160mm,PV2b,CN,I3
11702050400765,9.17,45.34,8.73,36.39,317.60,170520203931,13,1160mm,PV2b,CN,I3
11702050401426,9.20,45.33,8.74,36.43,318.20,170520203931,13,1160mm,PV2b,CN,I3
11702050440776,9.24,45.27,8.80,36.19,318.50,170520203931,13,1160mm,PV2b,CN,I3
11702050481913,9.19,45.22,8.76,36.12,316.40,170520204031,14,1160mm,PV2b,CN,I3
11702050481286,9.26,45.46,8.78,36.27,318.60,170520204031,14,1160mm,PV2b,CN,I3
11702050480207,9.32,45.51,8.81,36.28,319.80,170520204031,14,1160mm,PV2b,CN,I3
11702050481826,9.19,45.37,8.80,36.17,318.30,170520204031,14,1160mm,PV2b,CN,I3
11702050481784,9.18,45.30,8.77,36.25,317.90,170520204031,14,1160mm,PV2b,CN,I3
11702050481881,9.25,45.31,8.77,36.27,318.10,170520204031,14,1160mm,PV2b,CN,I3
11702050481868,9.23,45.27,8.81,36.17,318.70,170520204031,14,1160mm,PV2b,CN,I3
11702050481952,9.24,45.28,8.79,36.18,317.90,170520204031,14,1160mm,PV2b,CN,I3
11702050480282,9.28,45.46,8.78,36.10,316.80,170520204031,14,1160mm,PV2b,CN,I3
11702050443056,9.28,45.24,8.82,36.11,318.40,170520204031,14,1160mm,PV2b,CN,I3
11702050442993,9.30,45.24,8.83,36.16,319.40,170520204031,14,1160mm,PV2b,CN,I3
11702050481306,9.28,45.44,8.80,36.28,319.20,170520204031,14,1160mm,PV2b,CN,I3
11702050481926,9.32,45.38,8.83,36.11,318.90,170520204031,14,1160mm,PV2b,CN,I3
11702050510147,9.32,45.39,8.85,36.09,319.40,170520204031,14,1160mm,PV2b,CN,I3
11702050510469,9.28,45.43,8.85,36.12,319.60,170520204031,14,1160mm,PV2b,CN,I3
11702050510066,9.30,45.47,8.86,36.05,319.30,170520204031,14,1160mm,PV2b,CN,I3
11702050550164,9.28,45.54,8.87,36.02,319.70,170520204031,14,1160mm,PV2b,CN,I3
11702050550328,9.28,45.40,8.80,36.32,319.70,170520204031,14,1160mm,PV2b,CN,I3
11702050550362,9.25,45.46,8.86,35.91,318.30,170520204031,14,1160mm,PV2b,CN,I3
11702050550233,9.28,45.50,8.85,36.03,319.00,170520204031,14,1160mm,PV2b,CN,I3
11702050401568,9.18,45.42,8.78,36.38,319.40,170520204031,14,1160mm,PV2b,CN,I3
11702050401323,9.22,45.38,8.76,36.26,317.60,170520204031,14,1160mm,PV2b,CN,I3
11702050401594,9.16,45.26,8.80,35.93,316.20,170520204031,14,1160mm,PV2b,CN,I3
11702050401545,9.21,45.25,8.84,35.92,317.40,170520204031,14,1160mm,PV2b,CN,I3
11702050210431,9.25,45.56,8.77,36.41,319.40,170520204031,14,1160mm,PV2b,CN,I3
11702050190921,9.21,45.55,8.80,36.26,319.10,170520204031,14,1160mm,PV2b,CN,I3
11702050481934,9.16,45.27,8.75,36.19,316.70,170520204285,15,1160mm,PV2b,CN,I3
11702050531849,9.22,45.23,8.81,36.13,318.30,170520204285,15,1160mm,PV2b,CN,I3
11702050531848,9.27,45.26,8.81,36.13,318.30,170520204285,15,1160mm,PV2b,CN,I3
11702050580399,9.24,45.15,8.75,36.29,317.50,170520204285,15,1160mm,PV2b,CN,I3
11702050580461,9.27,45.28,8.77,36.40,319.40,170520204285,15,1160mm,PV2b,CN,I3
11702050580500,9.25,45.31,8.82,36.16,319.00,170520204285,15,1160mm,PV2b,CN,I3
11702050580505,9.24,45.30,8.83,36.10,318.60,170520204285,15,1160mm,PV2b,CN,I3
11702050580404,9.21,45.29,8.73,36.28,316.90,170520204285,15,1160mm,PV2b,CN,I3
11702050580455,9.22,45.27,8.77,36.40,319.40,170520204285,15,1160mm,PV2b,CN,I3
11702050580565,9.15,45.19,8.76,36.12,316.60,170520204285,15,1160mm,PV2b,CN,I3
11702050580398,9.16,45.23,8.78,36.15,317.40,170520204285,15,1160mm,PV2b,CN,I3
11702050580524,9.27,45.31,8.72,36.34,316.90,170520204285,15,1160mm,PV2b,CN,I3
11702050580451,9.20,45.27,8.79,36.14,317.70,170520204285,15,1160mm,PV2b,CN,I3
11702050580501,9.23,45.36,8.81,36.13,318.30,170520204285,15,1160mm,PV2b,CN,I3
11702050580458,9.27,45.26,8.80,36.25,319.20,170520204285,15,1160mm,PV2b,CN,I3
11702050580560,9.24,45.33,8.81,36.29,319.70,170520204285,15,1160mm,PV2b,CN,I3
11702050580456,9.21,45.29,8.80,36.25,319.20,170520204285,15,1160mm,PV2b,CN,I3
11702050580503,9.21,45.34,8.81,36.14,318.30,170520204285,15,1160mm,PV2b,CN,I3
11702050580502,9.31,45.30,8.81,36.30,319.70,170520204285,15,1160mm,PV2b,CN,I3
11702050580466,9.25,45.20,8.75,36.38,318.10,170520204285,15,1160mm,PV2b,CN,I3
11702050580407,9.26,45.28,8.82,36.16,319.10,170520204285,15,1160mm,PV2b,CN,I3
11702050580392,9.29,45.27,8.81,36.14,318.30,170520204285,15,1160mm,PV2b,CN,I3
11702050580519,9.25,45.27,8.78,36.35,319.00,170520204285,15,1160mm,PV2b,CN,I3
11702050580457,9.23,45.19,8.78,36.23,317.90,170520204285,15,1160mm,PV2b,CN,I3
11702050580453,9.33,45.25,8.81,36.13,318.30,170520204285,15,1160mm,PV2b,CN,I3
11702050580418,9.22,45.25,8.79,36.23,318.50,170520204285,15,1160mm,PV2b,CN,I3
11702050580552,9.19,45.24,8.76,36.27,317.90,170520204296,16,1160mm,PV2b,CN,I3
11702050580510,9.22,45.38,8.77,36.36,318.80,170520204296,16,1160mm,PV2b,CN,I3
11702050580063,9.28,45.55,8.78,36.28,318.50,170520204296,16,1160mm,PV2b,CN,I3
11702050580539,9.23,45.26,8.76,36.27,317.90,170520204296,16,1160mm,PV2b,CN,I3
11702050580518,9.25,45.22,8.79,36.13,317.70,170520204296,16,1160mm,PV2b,CN,I3
11702050580556,9.29,45.36,8.87,36.06,319.90,170520204296,16,1160mm,PV2b,CN,I3
11702050580553,9.22,45.24,8.73,36.30,317.00,170520204296,16,1160mm,PV2b,CN,I3
11702050580515,9.23,45.32,8.80,36.19,318.40,170520204296,16,1160mm,PV2b,CN,I3
11702050580391,9.19,45.27,8.80,36.24,318.80,170520204296,16,1160mm,PV2b,CN,I3
11702050580472,9.22,45.27,8.79,36.26,318.90,170520204296,16,1160mm,PV2b,CN,I3
11702050580513,9.23,45.36,8.82,36.26,320.00,170520204296,16,1160mm,PV2b,CN,I3
11702050580570,9.27,45.26,8.81,36.13,318.30,170520204296,16,1160mm,PV2b,CN,I3
11702050580554,9.28,45.17,8.73,36.28,316.90,170520204296,16,1160mm,PV2b,CN,I3
11702050580568,9.22,45.25,8.82,36.12,318.80,170520204296,16,1160mm,PV2b,CN,I3
11702050580445,9.35,45.37,8.86,36.06,319.40,170520204296,16,1160mm,PV2b,CN,I3
11702050580538,9.24,45.33,8.81,36.11,318.20,170520204296,16,1160mm,PV2b,CN,I3
11702050580569,9.20,45.22,8.79,36.11,317.60,170520204296,16,1160mm,PV2b,CN,I3
11702050580543,9.25,45.31,8.80,36.15,318.10,170520204296,16,1160mm,PV2b,CN,I3
11702050580551,9.21,45.28,8.83,36.05,318.20,170520204296,16,1160mm,PV2b,CN,I3
11702050580542,9.31,45.26,8.80,36.15,318.00,170520204296,16,1160mm,PV2b,CN,I3
11702050580508,9.18,45.25,8.73,36.28,316.90,170520204296,16,1160mm,PV2b,CN,I3
11702050530628,9.23,45.23,8.73,36.34,317.30,170520204296,16,1160mm,PV2b,CN,I3
11702050580541,9.21,45.38,8.78,36.20,317.90,170520204296,16,1160mm,PV2b,CN,I3
11702050580509,9.27,45.20,8.76,36.14,316.70,170520204296,16,1160mm,PV2b,CN,I3
11702050580573,9.33,45.39,8.85,36.13,319.90,170520204296,16,1160mm,PV2b,CN,I3
11702050580504,9.20,45.29,8.79,36.14,317.80,170520204296,16,1160mm,PV2b,CN,I3
11702050580397,9.23,45.34,8.80,36.28,319.20,170520204314,17,1160mm,PV2b,CN,I3
11702050580487,9.23,45.42,8.84,36.18,319.90,170520204314,17,1160mm,PV2b,CN,I3
11702050580577,9.22,45.36,8.77,36.31,318.40,170520204314,17,1160mm,PV2b,CN,I3
11702050580492,9.20,45.33,8.74,36.38,317.90,170520204314,17,1160mm,PV2b,CN,I3
11702050580464,9.23,45.37,8.80,36.16,318.10,170520204314,17,1160mm,PV2b,CN,I3
11702050580580,9.19,45.34,8.80,36.15,318.00,170520204314,17,1160mm,PV2b,CN,I3
11702050580547,9.25,45.34,8.78,36.35,319.30,170520204314,17,1160mm,PV2b,CN,I3
11702050580470,9.20,45.36,8.75,36.32,318.00,170520204314,17,1160mm,PV2b,CN,I3
11702050580402,9.17,45.25,8.91,35.51,316.50,170520204314,17,1160mm,PV2b,CN,I3
11702050580578,9.21,45.28,8.79,36.04,316.60,170520204314,17,1160mm,PV2b,CN,I3
11702050580548,9.21,45.45,8.81,36.31,320.00,170520204314,17,1160mm,PV2b,CN,I3
11702050580209,9.23,45.72,8.94,35.62,318.70,170520204314,17,1160mm,PV2b,CN,I3
11702050580545,9.19,45.36,8.78,36.33,319.10,170520204314,17,1160mm,PV2b,CN,I3
11702050580527,9.28,45.26,8.78,36.18,317.80,170520204314,17,1160mm,PV2b,CN,I3
11702050580493,9.24,45.25,8.75,36.17,316.60,170520204314,17,1160mm,PV2b,CN,I3
11702050580136,9.26,45.37,8.93,35.83,319.90,170520204314,17,1160mm,PV2b,CN,I3
11702050580546,9.32,45.37,8.83,36.17,319.30,170520204314,17,1160mm,PV2b,CN,I3
11702050580184,9.21,45.29,9.00,35.50,319.50,170520204314,17,1160mm,PV2b,CN,I3
11702050580134,9.22,45.41,8.84,36.17,319.80,170520204314,17,1160mm,PV2b,CN,I3
11702050531277,9.18,45.49,8.92,35.86,319.70,170520204314,17,1160mm,PV2b,CN,I3
11702050530651,9.25,45.38,8.94,35.77,319.70,170520204314,17,1160mm,PV2b,CN,I3
11702050531278,9.27,45.46,8.96,35.62,319.30,170520204314,17,1160mm,PV2b,CN,I3
11702050531809,9.21,45.55,9.03,35.32,319.10,170520204314,17,1160mm,PV2b,CN,I3
11702050531279,9.17,45.41,8.94,35.59,318.00,170520204314,17,1160mm,PV2b,CN,I3
11702050590011,9.18,45.36,8.80,36.17,318.20,170520204314,17,1160mm,PV2b,CN,I3
11702050590014,9.18,45.27,8.77,36.18,317.20,170520204314,17,1160mm,PV2b,CN,I3
11702050580482,9.19,45.44,8.95,35.34,316.40,170520204315,18,1160mm,PV2b,CN,I3
11702050580469,9.18,45.24,8.98,35.31,317.10,170520204315,18,1160mm,PV2b,CN,I3
11702050580540,9.23,45.38,8.81,36.17,318.80,170520204315,18,1160mm,PV2b,CN,I3
11702050580528,9.22,45.23,8.75,36.21,316.90,170520204315,18,1160mm,PV2b,CN,I3
11702050580118,9.23,45.38,9.04,35.38,319.70,170520204315,18,1160mm,PV2b,CN,I3
11702050580207,9.19,45.51,9.03,35.36,319.40,170520204315,18,1160mm,PV2b,CN,I3
11702050580514,9.21,45.37,8.77,36.20,317.30,170520204315,18,1160mm,PV2b,CN,I3
11702050580512,9.27,45.33,8.80,36.19,318.30,170520204315,18,1160mm,PV2b,CN,I3
11702050580386,9.28,45.46,8.91,35.83,319.30,170520204315,18,1160mm,PV2b,CN,I3
11702050580347,9.24,45.45,8.84,36.20,320.00,170520204315,18,1160mm,PV2b,CN,I3
11702050580529,9.28,45.41,8.77,36.34,318.60,170520204315,18,1160mm,PV2b,CN,I3
11702050580521,9.21,45.33,8.72,36.34,317.00,170520204315,18,1160mm,PV2b,CN,I3
11702050580561,9.28,45.37,8.84,36.19,320.00,170520204315,18,1160mm,PV2b,CN,I3
11702050580406,9.28,45.28,8.95,35.59,318.50,170520204315,18,1160mm,PV2b,CN,I3
11702050580083,9.25,45.49,9.01,35.32,318.10,170520204315,18,1160mm,PV2b,CN,I3
11702050580165,9.21,45.36,8.87,35.97,319.20,170520204315,18,1160mm,PV2b,CN,I3
11702050580563,9.20,45.41,8.84,36.14,319.60,170520204315,18,1160mm,PV2b,CN,I3
11702050580498,9.25,45.40,8.81,36.26,319.60,170520204315,18,1160mm,PV2b,CN,I3
11702050580526,9.21,45.39,8.83,36.23,320.00,170520204315,18,1160mm,PV2b,CN,I3
11702050580522,9.16,45.23,8.77,36.17,317.20,170520204315,18,1160mm,PV2b,CN,I3
11702050580499,9.22,45.45,8.83,36.17,319.30,170520204315,18,1160mm,PV2b,CN,I3
11702050580516,9.22,45.32,8.81,36.17,318.70,170520204315,18,1160mm,PV2b,CN,I3
11702050580572,9.26,45.33,8.81,36.19,318.90,170520204315,18,1160mm,PV2b,CN,I3
11702050580567,9.22,45.33,8.75,36.37,318.30,170520204315,18,1160mm,PV2b,CN,I3
11702050531801,9.21,45.38,8.94,35.79,320.00,170520204315,18,1160mm,PV2b,CN,I3
11702050531667,9.25,45.55,8.88,36.01,319.90,170520204315,18,1160mm,PV2b,CN,I3
11702050531750,9.29,45.47,8.84,36.17,319.80,170520204388,19,1160mm,PV2b,CN,I3
11702050590015,9.20,45.29,8.78,36.16,317.60,170520204388,19,1160mm,PV2b,CN,I3
11702050590013,9.22,45.31,8.75,36.31,317.80,170520204388,19,1160mm,PV2b,CN,I3
11702050590100,9.19,45.23,8.76,36.25,317.70,170520204388,19,1160mm,PV2b,CN,I3
11702050590017,9.23,45.36,8.84,36.14,319.60,170520204388,19,1160mm,PV2b,CN,I3
11702050590016,9.22,45.34,8.78,36.26,318.50,170520204388,19,1160mm,PV2b,CN,I3
11702050590076,9.21,45.23,8.77,36.27,318.00,170520204388,19,1160mm,PV2b,CN,I3
11702050590090,9.18,45.40,8.83,36.16,319.20,170520204388,19,1160mm,PV2b,CN,I3
11702050590025,9.30,45.46,8.81,36.31,319.90,170520204388,19,1160mm,PV2b,CN,I3
11702050590059,9.23,45.24,8.84,36.06,318.80,170520204388,19,1160mm,PV2b,CN,I3
11702050580476,9.19,45.24,8.75,36.27,317.50,170520204388,19,1160mm,PV2b,CN,I3
11702050580436,9.23,45.32,8.75,36.27,317.50,170520204388,19,1160mm,PV2b,CN,I3
11702050580494,9.19,45.39,8.75,36.30,317.80,170520204388,19,1160mm,PV2b,CN,I3
11702050580497,9.25,45.31,8.78,36.16,317.60,170520204388,19,1160mm,PV2b,CN,I3
11702050580471,9.23,45.34,8.77,36.32,318.40,170520204388,19,1160mm,PV2b,CN,I3
11702050580419,9.27,45.37,8.83,36.19,319.50,170520204388,19,1160mm,PV2b,CN,I3
11702050580491,9.21,45.36,8.81,36.25,319.50,170520204388,19,1160mm,PV2b,CN,I3
11702050580308,9.19,45.30,8.75,36.30,317.60,170520204388,19,1160mm,PV2b,CN,I3
11702050580564,9.23,45.33,8.81,36.25,319.50,170520204388,19,1160mm,PV2b,CN,I3
11702050580272,9.22,45.21,8.72,36.28,316.50,170520204388,19,1160mm,PV2b,CN,I3
11702050580496,9.26,45.25,8.75,36.16,316.50,170520204388,19,1160mm,PV2b,CN,I3
11702050580435,9.17,45.20,8.72,36.25,316.30,170520204388,19,1160mm,PV2b,CN,I3
11702050580579,9.33,45.31,8.79,36.25,318.80,170520204388,19,1160mm,PV2b,CN,I3
11702050580475,9.20,45.31,8.78,36.17,317.60,170520204388,19,1160mm,PV2b,CN,I3
11702050580409,9.18,45.18,8.80,36.13,317.80,170520204388,19,1160mm,PV2b,CN,I3
11702050580575,9.21,45.41,8.78,36.29,318.80,170520204388,19,1160mm,PV2b,CN,I3
11702050590643,9.29,45.52,8.82,36.24,319.50,170520204437,20,1160mm,PV2b,CN,I3
11702050590085,9.19,45.24,8.79,36.03,316.60,170520204437,20,1160mm,PV2b,CN,I3
11702050580324,9.28,45.35,8.83,36.13,318.90,170520204437,20,1160mm,PV2b,CN,I3
11702050580559,9.23,45.25,8.78,36.29,318.60,170520204437,20,1160mm,PV2b,CN,I3
11702050580137,9.26,45.51,8.94,35.70,319.20,170520204437,20,1160mm,PV2b,CN,I3
11702050580495,9.19,45.23,8.79,36.04,316.70,170520204437,20,1160mm,PV2b,CN,I3
11702050580182,9.24,45.40,8.95,35.67,319.40,170520204437,20,1160mm,PV2b,CN,I3
11702050580044,9.19,45.53,8.94,35.70,319.00,170520204437,20,1160mm,PV2b,CN,I3
11702050580550,9.21,45.32,8.75,36.14,316.30,170520204437,20,1160mm,PV2b,CN,I3
11702050580520,9.23,45.32,8.85,36.03,318.70,170520204437,20,1160mm,PV2b,CN,I3
11702050580164,9.21,45.41,8.99,35.23,316.80,170520204437,20,1160mm,PV2b,CN,I3
11702050580146,9.24,45.46,8.99,35.23,316.80,170520204437,20,1160mm,PV2b,CN,I3
11702050580067,9.23,45.44,9.02,35.25,317.80,170520204437,20,1160mm,PV2b,CN,I3
11702050531804,9.24,45.43,8.81,36.34,320.00,170520204437,20,1160mm,PV2b,CN,I3
11702050530985,9.24,45.46,9.06,35.23,319.20,170520204437,20,1160mm,PV2b,CN,I3
11702050531795,9.23,45.45,8.97,35.29,316.50,170520204437,20,1160mm,PV2b,CN,I3
11702050531339,9.16,45.53,8.86,35.99,318.90,170520204437,20,1160mm,PV2b,CN,I3
11702050531431,9.21,45.60,9.02,35.34,318.70,170520204437,20,1160mm,PV2b,CN,I3
11702050580468,9.29,45.34,8.85,35.89,317.60,170520204437,20,1160mm,PV2b,CN,I3
11702050580557,9.25,45.26,8.80,36.17,318.40,170520204437,20,1160mm,PV2b,CN,I3
11702050580555,9.23,45.35,8.81,36.28,319.70,170520204437,20,1160mm,PV2b,CN,I3
11702050580203,9.22,45.47,8.91,35.91,320.00,170520204437,20,1160mm,PV2b,CN,I3
11702050580400,9.19,45.21,8.90,35.65,317.30,170520204437,20,1160mm,PV2b,CN,I3
11702050580403,9.25,45.34,8.97,35.25,316.30,170520204437,20,1160mm,PV2b,CN,I3
11702050580478,9.20,45.25,8.76,36.18,316.80,170520204437,20,1160mm,PV2b,CN,I3
11702050580405,9.19,45.17,8.97,35.40,317.60,170520204437,20,1160mm,PV2b,CN,I3
11702050580506,9.23,45.34,8.79,36.28,319.00,170520204468,21,1160mm,PV2b,CN,I3
11702050580574,9.22,45.27,8.78,36.26,318.40,170520204468,21,1160mm,PV2b,CN,I3
11702050550258,9.31,45.55,8.86,36.08,319.80,170520204468,21,1160mm,PV2b,CN,I3
11702050550107,9.32,45.45,8.88,36.04,319.90,170520204468,21,1160mm,PV2b,CN,I3
11702050550162,9.27,45.47,8.89,36.01,320.00,170520204468,21,1160mm,PV2b,CN,I3
11702050580507,9.25,45.30,8.81,36.11,318.10,170520204468,21,1160mm,PV2b,CN,I3
11702050560062,9.28,45.51,8.87,36.00,319.50,170520204468,21,1160mm,PV2b,CN,I3
11702050580479,9.24,45.35,8.97,35.34,317.00,170520204468,21,1160mm,PV2b,CN,I3
11702050531175,9.20,45.52,8.77,36.37,319.10,170520204468,21,1160mm,PV2b,CN,I3
11702050531149,9.15,45.42,8.84,36.11,319.20,170520204468,21,1160mm,PV2b,CN,I3
11702050530200,9.23,45.64,8.95,35.71,319.60,170520204468,21,1160mm,PV2b,CN,I3
11702050530136,9.25,45.45,8.98,35.30,317.10,170520204468,21,1160mm,PV2b,CN,I3
11702050530215,9.19,45.54,8.90,35.88,319.40,170520204468,21,1160mm,PV2b,CN,I3
11702050530738,9.35,45.46,8.81,36.29,319.80,170520204468,21,1160mm,PV2b,CN,I3
11702050530322,9.26,45.24,8.77,36.37,319.10,170520204468,21,1160mm,PV2b,CN,I3
11702050481896,9.18,45.25,8.72,36.44,317.80,170520204468,21,1160mm,PV2b,CN,I3
11702050481785,9.24,45.32,8.71,36.68,319.50,170520204468,21,1160mm,PV2b,CN,I3
11702050480978,9.20,45.34,8.77,36.24,317.80,170520204468,21,1160mm,PV2b,CN,I3
11702050481909,9.23,45.33,8.76,36.22,317.20,170520204468,21,1160mm,PV2b,CN,I3
11702050442416,9.21,45.22,8.78,36.16,317.50,170520204468,21,1160mm,PV2b,CN,I3
11702050211789,9.18,45.48,8.74,36.59,319.80,170520204468,21,1160mm,PV2b,CN,I3
11702050020452,9.09,45.49,8.71,36.34,316.50,170520204468,21,1160mm,PV2b,CN,I3
11702050401600,9.22,45.35,8.74,36.52,319.20,170520204468,21,1160mm,PV2b,CN,I3
11702050400710,9.09,45.23,8.73,36.43,318.00,170520204468,21,1160mm,PV2b,CN,I3
11702050401561,9.27,45.23,8.78,36.29,318.70,170520204468,21,1160mm,PV2b,CN,I3
11702050400268,9.17,45.33,8.71,36.52,318.10,170520204468,21,1160mm,PV2b,CN,I3
11702050481873,9.20,45.37,8.78,36.30,318.80,170520204495,22,1160mm,PV2b,CN,I3
11702050510999,9.22,45.51,8.71,36.68,319.50,170520204495,22,1160mm,PV2b,CN,I3
11702050511705,9.32,45.61,8.86,36.12,320.00,170520204495,22,1160mm,PV2b,CN,I3
11702050531112,9.27,45.43,8.87,36.08,319.90,170520204495,22,1160mm,PV2b,CN,I3
11702050531009,9.25,45.46,8.86,36.05,319.50,170520204495,22,1160mm,PV2b,CN,I3
11702050530986,9.27,45.38,8.87,35.98,319.30,170520204495,22,1160mm,PV2b,CN,I3
11702050530906,9.24,45.45,8.82,36.27,319.80,170520204495,22,1160mm,PV2b,CN,I3
11702050531011,9.26,45.37,8.82,36.30,320.00,170520204495,22,1160mm,PV2b,CN,I3
11702050530733,9.23,45.42,8.82,36.20,319.30,170520204495,22,1160mm,PV2b,CN,I3
11702050530989,9.27,45.37,8.85,36.03,318.80,170520204495,22,1160mm,PV2b,CN,I3
11702050560506,9.16,45.61,8.77,36.44,319.50,170520204495,22,1160mm,PV2b,CN,I3
11702050580396,9.20,45.14,8.75,36.12,316.10,170520204495,22,1160mm,PV2b,CN,I3
11702050550073,9.30,45.46,8.86,36.09,319.70,170520204495,22,1160mm,PV2b,CN,I3
11702050550235,9.25,45.43,8.84,36.11,319.40,170520204495,22,1160mm,PV2b,CN,I3
11702050550224,9.22,45.53,8.82,36.20,319.40,170520204495,22,1160mm,PV2b,CN,I3
11702050550236,9.23,45.53,8.87,36.01,319.30,170520204495,22,1160mm,PV2b,CN,I3
11702050550220,9.23,45.53,8.79,36.29,319.10,170520204495,22,1160mm,PV2b,CN,I3
11702050550281,9.31,45.40,8.84,36.01,318.20,170520204495,22,1160mm,PV2b,CN,I3
11702050550379,9.27,45.53,8.83,36.15,319.30,170520204495,22,1160mm,PV2b,CN,I3
11702050550361,9.26,45.47,8.86,36.10,319.90,170520204495,22,1160mm,PV2b,CN,I3
11702050580389,9.26,45.33,8.86,36.13,320.00,170520204495,22,1160mm,PV2b,CN,I3
11702050580401,9.18,45.26,8.76,36.21,317.10,170520204495,22,1160mm,PV2b,CN,I3
11702050580140,9.24,45.41,8.85,36.10,319.50,170520204495,22,1160mm,PV2b,CN,I3
11702050580467,9.23,45.24,8.79,35.96,316.20,170520204495,22,1160mm,PV2b,CN,I3
11702050580420,9.14,45.26,8.76,36.25,317.60,170520204495,22,1160mm,PV2b,CN,I3
11702050580393,9.23,45.32,8.76,36.17,316.90,170520204495,22,1160mm,PV2b,CN,I3
11702050580582,9.23,45.31,8.71,36.52,318.10,170520204636,23,1160mm,PV2b,CN,I3
11702050580571,9.25,45.24,8.80,36.13,317.80,170520204636,23,1160mm,PV2b,CN,I3
11702050580517,9.22,45.24,8.75,36.27,317.50,170520204636,23,1160mm,PV2b,CN,I3
11702050580477,9.25,45.23,8.85,36.04,318.90,170520204636,23,1160mm,PV2b,CN,I3
11702050580473,9.26,45.27,8.80,36.20,318.70,170520204636,23,1160mm,PV2b,CN,I3
11702050580534,9.23,45.27,8.78,36.12,317.20,170520204636,23,1160mm,PV2b,CN,I3
11702050530363,9.24,45.29,8.77,36.18,317.50,170520204636,23,1160mm,PV2b,CN,I3
11702050640008,9.19,45.25,8.78,36.14,317.30,170520204636,23,1160mm,PV2b,CN,I3
11702050640020,9.24,45.29,8.81,36.20,318.80,170520204636,23,1160mm,PV2b,CN,I3
11702050640014,9.21,45.25,8.78,36.19,317.60,170520204636,23,1160mm,PV2b,CN,I3
11702050640016,9.18,45.19,8.81,36.09,317.80,170520204636,23,1160mm,PV2b,CN,I3
11702050640018,9.24,45.31,8.81,36.20,318.80,170520204636,23,1160mm,PV2b,CN,I3
11702050640006,9.22,45.26,8.79,36.14,317.70,170520204636,23,1160mm,PV2b,CN,I3
11702050640017,9.10,45.15,8.73,36.21,316.10,170520204636,23,1160mm,PV2b,CN,I3
11702050640007,9.24,45.32,8.76,36.18,317.00,170520204636,23,1160mm,PV2b,CN,I3
11702050640009,9.31,45.24,8.81,36.05,317.50,170520204636,23,1160mm,PV2b,CN,I3
11702050640002,9.20,45.21,8.79,36.07,317.10,170520204636,23,1160mm,PV2b,CN,I3
11702050640015,9.20,45.31,8.81,36.16,318.50,170520204636,23,1160mm,PV2b,CN,I3
11702050640004,9.26,45.26,8.75,36.26,317.30,170520204636,23,1160mm,PV2b,CN,I3
11702050640019,9.21,45.26,8.82,36.04,318.00,170520204636,23,1160mm,PV2b,CN,I3
11702050640012,9.22,45.26,8.81,36.16,318.50,170520204636,23,1160mm,PV2b,CN,I3
11702050640010,9.20,45.24,8.78,36.18,317.50,170520204636,23,1160mm,PV2b,CN,I3
11702050640005,9.22,45.29,8.79,36.15,317.90,170520204636,23,1160mm,PV2b,CN,I3
11702050640013,9.26,45.25,8.78,36.19,317.70,170520204636,23,1160mm,PV2b,CN,I3
11702050650022,9.28,45.41,8.91,35.87,319.80,170520204636,23,1160mm,PV2b,CN,I3
11702050650182,9.22,45.35,8.82,36.22,319.60,170520204636,23,1160mm,PV2b,CN,I3
11702050650465,9.16,45.27,8.71,36.73,319.90,170520206147,24,1160mm,PV2b,CN,I3
11702050650174,9.22,45.33,8.71,36.74,320.00,170520206147,24,1160mm,PV2b,CN,I3
11702050680443,9.25,45.42,8.84,36.15,319.60,170520206147,24,1160mm,PV2b,CN,I3
11702050681171,9.21,45.47,8.79,36.37,319.90,170520206147,24,1160mm,PV2b,CN,I3
11702050681604,9.19,45.37,8.84,36.16,319.60,170520206147,24,1160mm,PV2b,CN,I3
11702050650487,9.19,45.40,8.81,36.18,318.80,170520206147,24,1160mm,PV2b,CN,I3
11702050650418,9.20,45.44,8.81,36.13,318.40,170520206147,24,1160mm,PV2b,CN,I3
11702050650406,9.19,45.47,8.78,36.37,319.30,170520206147,24,1160mm,PV2b,CN,I3
11702050640003,9.27,45.23,8.81,36.06,317.50,170520206147,24,1160mm,PV2b,CN,I3
11702050640001,9.17,45.27,8.79,36.07,317.10,170520206147,24,1160mm,PV2b,CN,I3
11702050650200,9.31,45.48,8.72,36.63,319.40,170520206147,24,1160mm,PV2b,CN,I3
11702050640011,9.24,45.26,8.84,36.04,318.40,170520206147,24,1160mm,PV2b,CN,I3
11702050590012,9.21,45.26,8.71,36.52,318.10,170520206147,24,1160mm,PV2b,CN,I3
11702050590083,9.22,45.30,8.81,36.13,318.30,170520206147,24,1160mm,PV2b,CN,I3
11702050580395,9.25,45.16,8.77,36.04,316.20,170520206147,24,1160mm,PV2b,CN,I3
11702050580018,9.23,45.45,8.71,36.74,320.00,170520206147,24,1160mm,PV2b,CN,I3
11702050580452,9.08,45.26,8.80,36.03,317.10,170520206147,24,1160mm,PV2b,CN,I3
11702050580394,9.12,45.23,8.71,36.41,317.00,170520206147,24,1160mm,PV2b,CN,I3
11702050580355,9.20,45.35,8.81,36.22,319.30,170520206147,24,1160mm,PV2b,CN,I3
11702050580523,9.21,45.36,8.80,36.16,318.10,170520206147,24,1160mm,PV2b,CN,I3
11702050580488,9.25,45.30,8.78,36.27,318.60,170520206147,24,1160mm,PV2b,CN,I3
11701051370267,9.24,45.44,8.87,36.03,319.60,170520206147,24,1160mm,PV2b,CN,I3
11702050481895,9.31,45.36,8.86,35.94,318.30,170520206147,24,1160mm,PV2b,CN,I3
11701051341268,9.25,45.42,8.80,36.18,318.30,170520206147,24,1160mm,PV2b,CN,I3
11702050530713,9.19,45.55,8.77,36.44,319.60,170520206147,24,1160mm,PV2b,CN,I3
11702050401334,9.15,45.29,8.77,36.15,317.00,170520206147,24,1160mm,PV2b,CN,I3